Model,Accuracy,Precision,Recall,F1 Score,Train Time (sec)
Random Forest,0.68125,0.6749707692282707,0.68125,0.6743548576219672,6.0071330070495605
Linear SVM,0.6677083333333333,0.6659066492364971,0.6677083333333333,0.6666364735593814,1.6320910453796387
Naive Bayes,0.6173611111111111,0.6127574186281467,0.6173611111111111,0.6134259430786106,0.0315549373626709
